{"cameraMode":{"drawMode":0,"name":"Shaded","section":"Shading Mode"},"sceneLighting":true,"audioPlay":false,"sceneViewState":{"showFog":true,"showMaterialUpdate":false,"showSkybox":true,"showFlares":true,"showImageEffects":true,"showParticleSystems":true},"in2DMode":false,"pivot":{"x":-9.506128311157227,"y":-2.5534801483154299,"z":4.581504821777344},"rotation":{"x":-0.21397916972637177,"y":0.2352660894393921,"z":-0.05316363647580147,"w":-0.9466135501861572},"size":71.48037719726563,"orthographic":false}