{"cameraMode":{"drawMode":0,"name":"Shaded","section":"Shading Mode"},"sceneLighting":true,"audioPlay":false,"sceneViewState":{"showFog":true,"showMaterialUpdate":false,"showSkybox":true,"showFlares":true,"showImageEffects":true,"showParticleSystems":true},"in2DMode":false,"pivot":{"x":2.7797861099243166,"y":4.002784729003906,"z":9.364087104797364},"rotation":{"x":0.23005321621894837,"y":-0.1694721281528473,"z":0.04071144387125969,"w":0.957443118095398},"size":26.64383316040039,"orthographic":false}